{
  "harness": "bfs_latency_v3",
  "harness_version": "1",
  "aelfrice_version": "3.0.1",
  "git_commit": "62ce0b34c6b21c47f99125c07d6648017bfab3f9",
  "captured_at_utc": "2026-05-13T22:42:16Z",
  "corpus": {
    "beliefs": 10000,
    "edges": 20200,
    "topics": 200
  },
  "query_count": 30,
  "iterations_per_query": 10,
  "arms": {
    "bfs_off": {
      "label": "bfs_off",
      "samples": 300,
      "p50_ms": 99.57704099360853,
      "p95_ms": 142.41937501356006,
      "p99_ms": 183.1257080193609,
      "max_ms": 446.1283329874277,
      "mean_ms": 108.60350592294708,
      "min_ms": 94.44933396298438
    },
    "bfs_on": {
      "label": "bfs_on",
      "samples": 300,
      "p50_ms": 102.34158398816362,
      "p95_ms": 168.0210410268046,
      "p99_ms": 198.40841699624434,
      "max_ms": 390.25291602592915,
      "mean_ms": 112.33758888750647,
      "min_ms": 96.77658398868516
    }
  },
  "delta_ms": {
    "p50": 2.764542994555086,
    "p95": 25.60166601324454,
    "p99": 15.282708976883441,
    "max": -55.87541696149856
  },
  "gate": {
    "p50_pass": false,
    "p95_pass": false,
    "p99_pass": true,
    "tail_ratio_pass": true,
    "tail_ratio": 3.81323896717354,
    "passed": false
  },
  "gate_thresholds_ms": {
    "p50": 25.0,
    "p95": 100.0,
    "p99": 250.0,
    "max_over_median_ratio": 10.0
  }
}
