{"k":10,"n_observations":35,"n_queries":7,"n_truncated_queries":7,"p_at_k":0.1,"roc_auc":0.8443877551020408,"seed":0,"spearman_rho":0.5241037078990654}
